policyNumber,title,category,subCategory,owner,status,effectiveDate,reviewDate,legalReview,chapStandard,copReference,corridorRef,blobFilename,notes
1.01,Policy Development and Management,1.xx Administration,,Executive Director,published,,,FALSE,CP.3 CP.7,,8-011,1-01_Policy_Development_and_Management.docx,
1.02,Organizational Structure and Governance,1.xx Administration,,Executive Director,published,,,FALSE,HSLG.1,418.100(a),8-003,1-02_Organizational_Structure_and_Governance.docx,
1.03,"Mission, Philosophy, and Values",1.xx Administration,,Executive Director,published,,,FALSE,HSLG.2,,8-001,1-03_Mission_Philosophy_and_Values.docx,
1.04,Administrative Qualifications,1.xx Administration,,Executive Director,published,,,FALSE,HSRM.1,418.100(b),8-006,1-04_Administrative_Qualifications.docx,
1.05,Designation of Acting Administrator,1.xx Administration,,Executive Director,published,,,FALSE,,,8-009,1-05_Designation_of_Acting_Administrator.docx,
1.06,Conflict of Interest,1.xx Administration,,Executive Director,published,,,FALSE,CP.3,,8-004,1-06_Conflict_of_Interest.docx,
1.07,Public Disclosure,1.xx Administration,,Executive Director,published,,,FALSE,HSLG.1,,8-005,1-07_Public_Disclosure.docx,
1.08,Corporate Compliance Program,1.xx Administration,,Executive Director,published,,,TRUE,CP.3 CP.7,,8-023,1-08_Corporate_Compliance_Program.docx,
1.09,Corporate Compliance Officer,1.xx Administration,,Executive Director,published,,,FALSE,CP.3,,8-024,1-09_Corporate_Compliance_Officer.docx,
1.10,Ethical Issues and Decision-Making,1.xx Administration,,Executive Director,published,,,FALSE,CP.3,,8-012,1-10_Ethical_Issues_and_Decision-Making.docx,
1.11,Regulatory Compliance Monitoring,1.xx Administration,,Executive Director,published,,,FALSE,CP.3,,8-021,1-11_Regulatory_Compliance_Monitoring.docx,
1.12,Contracted Services Management,1.xx Administration,,Executive Director,published,,,FALSE,HSLG.16,418.64,8-018,1-12_Contracted_Services_Management.docx,
1.13,Business Associates,1.xx Administration,,Executive Director,published,,,FALSE,HSLG.16,,8-019,1-13_Business_Associates.docx,
1.14,Branch Office Control,1.xx Administration,,Executive Director,published,,,FALSE,,,8-016,1-14_Branch_Office_Control.docx,
1.15,Annual Organization Evaluation,1.xx Administration,,Executive Director,published,,,FALSE,HQPI.1,,8-033,1-15_Annual_Organization_Evaluation.docx,
1.16,Professional Advisory Committee,1.xx Administration,,Executive Director,published,,,FALSE,HSLG.3,418.100(c),8-031,1-16_Professional_Advisory_Committee.docx,
1.17,Nondiscrimination in Services,1.xx Administration,,Executive Director,published,,,TRUE,HSLG.1,,8-013,1-17_Nondiscrimination_in_Services.docx,
1.18,Experimental Research and Investigations,1.xx Administration,,Executive Director,published,,,FALSE,,,8-015,1-18_Experimental_Research_and_Investigations.docx,
1.19,Contingency Plan for Organizational Closure,1.xx Administration,,Executive Director,published,,,FALSE,,,8-032,1-19_Contingency_Plan_for_Organizational_Closure.docx,
1.20,Medicare and Medicaid Hospice Benefit,1.xx Administration,,Executive Director,published,,,FALSE,,418.20,8-028,1-20_Medicare_and_Medicaid_Hospice_Benefit.docx,
1.21,Business Planning,1.xx Administration,,Executive Director,published,,,FALSE,,,8-027,1-21_Business_Planning.docx,
1.22,Aggregation of Data and Information,1.xx Administration,,Executive Director,published,,,FALSE,HQPI.1,,8-017,1-22_Aggregation_of_Data_and_Information.docx,
1.23,Site Visitor Home Visit Consent,1.xx Administration,,Executive Director,published,,,FALSE,,,8-030,1-23_Site_Visitor_Home_Visit_Consent.docx,
2.01,Personnel Policies Overview,2.xx Human Resources,,Human Resources Director,published,,,FALSE,CP.7,,1-001,2-01_Personnel_Policies_Overview.docx,
2.02,Human Resources Administration,2.xx Human Resources,,Human Resources Director,published,,,FALSE,HSRM.1 HSRM.3,418.114(a),1-002,2-02_Human_Resources_Administration.docx,
2.03,Equal Opportunity Employer,2.xx Human Resources,,Human Resources Director,published,,,TRUE,HSLG.1.I,1904.36,1-003,2-03_Equal_Opportunity_Employer.docx,
2.04,Categories and Qualifications of Personnel,2.xx Human Resources,,Human Resources Director,published,,,FALSE,HSRM.2 HSRM.3,418.114,1-004,2-04_Categories_and_Qualifications_of_Personnel.docx,
2.05,Selection and Hiring of Personnel,2.xx Human Resources,,Human Resources Director,published,,,FALSE,HSRM.3 HSRM.16,418.114(d),1-005,2-05_Selection_and_Hiring_of_Personnel.docx,
2.06,"Licensure, Certification, and Registration",2.xx Human Resources,,Human Resources Director,published,,,FALSE,HSRM.3,418.114,1-006,2-06_Licensure_Certification_and_Registration.docx,
2.07,"Recruitment, Retention, and Development",2.xx Human Resources,,Human Resources Director,published,,,FALSE,HSRM.30,418.100(g),1-007,2-07_Recruitment_Retention_and_Development.docx,
2.08,Termination of Employment,2.xx Human Resources,,Human Resources Director,published,,,FALSE,,,1-009,2-08_Termination_of_Employment.docx,
2.09,Personnel Turnover,2.xx Human Resources,,Human Resources Director,published,,,FALSE,,,1-010,2-09_Personnel_Turnover.docx,
2.10,Attendance and Absenteeism,2.xx Human Resources,,Human Resources Director,published,,,FALSE,,,1-011,2-10_Attendance_and_Absenteeism.docx,
2.11,On-Call and Weekend Services,2.xx Human Resources,,Human Resources Director,published,,,FALSE,HCDT.3 HCDT.4,418.100(c)(e),1-012,2-11_On-Call_and_Weekend_Services.docx,
2.12,Personnel Grievance Process,2.xx Human Resources,,Human Resources Director,published,,,FALSE,CP.4,,1-013,2-12_Personnel_Grievance_Process.docx,
2.13,Personal Vehicle Use and Mileage,2.xx Human Resources,,Human Resources Director,published,,,FALSE,,,1-014,2-13_Personal_Vehicle_Use_and_Mileage.docx,
2.14,Vehicle Accident Reporting,2.xx Human Resources,,Human Resources Director,published,,,FALSE,,,1-015,2-14_Vehicle_Accident_Reporting.docx,
2.15,Dress and Appearance Standards,2.xx Human Resources,,Human Resources Director,published,,,FALSE,,,1-016,2-15_Dress_and_Appearance_Standards.docx,
2.16,Employee Personal Safety,2.xx Human Resources,,Human Resources Director,published,,,FALSE,,,1-018,2-16_Employee_Personal_Safety.docx,
2.17,Anti-Harassment Policy,2.xx Human Resources,,Human Resources Director,published,,,TRUE,HSLG.1,,1-017,2-17_Anti-Harassment_Policy.docx,
2.18,Whistleblower Protection,2.xx Human Resources,,Human Resources Director,published,,,TRUE,CP.4,,1-020,2-18_Whistleblower_Protection.docx,
2.19,Workplace Violence Prevention,2.xx Human Resources,,Human Resources Director,published,,,FALSE,,,1-021,2-19_Workplace_Violence_Prevention.docx,
2.20,Progressive Discipline,2.xx Human Resources,,Human Resources Director,published,,,FALSE,CP.7,,1-022,2-20_Progressive_Discipline.docx,
2.21,Social Media Policy,2.xx Human Resources,,Human Resources Director,published,,,FALSE,,,1-023,2-21_Social_Media_Policy.docx,
2.22,Standards of Conduct and Ethical Behavior,2.xx Human Resources,,Human Resources Director,published,,,FALSE,CP.3 CP.7,,1-024,2-22_Standards_of_Conduct_and_Ethical_Behavior.docx,
2.23,Personnel Record Contents,2.xx Human Resources,,Human Resources Director,published,,,FALSE,HSRM.2 HSRM.3 CP.7,418.114,1-025,2-23_Personnel_Record_Contents.docx,
2.24,Performance Evaluations,2.xx Human Resources,,Human Resources Director,published,,,FALSE,HSRM.29,,1-026,2-24_Performance_Evaluations.docx,
2.25,Orientation of New Personnel,2.xx Human Resources,,Human Resources Director,published,,,FALSE,HSRM.15 CP.8,418.60(c),1-027,2-25_Orientation_of_New_Personnel.docx,
2.26,Training and In-Service Education,2.xx Human Resources,,Human Resources Director,published,,,FALSE,HSRM.14 HSRM.17,418.100(g),1-033,2-26_Training_and_In-Service_Education.docx,
2.27,Supervision of Clinical Services,2.xx Human Resources,,Human Resources Director,published,,,FALSE,HCDT.6 HSRM.20,418.62(a),1-030,2-27_Supervision_of_Clinical_Services.docx,
2.28,Contracted Service Providers,2.xx Human Resources,,Human Resources Director,published,,,FALSE,HSRM.3 HSRM.14,418.64,1-035,2-28_Contracted_Service_Providers.docx,
2.29,Hospice Aide Training,2.xx Human Resources,,Human Resources Director,published,,,FALSE,HSRM.9 HSRM.10,418.76(a)-(f),1-036,2-29_Hospice_Aide_Training.docx,
2.30,Hospice Aide Supervisory Visits,2.xx Human Resources,,Human Resources Director,published,,,FALSE,HSRM.20 HSRM.22,418.76(h),1-037,2-30_Hospice_Aide_Supervisory_Visits.docx,
2.31,Hospice Homemaker Training,2.xx Human Resources,,Human Resources Director,published,,,FALSE,HSRM.12 HSRM.13,418.76(j)(k),1-038,2-31_Hospice_Homemaker_Training.docx,
2.32,Team Access to Emotional Support,2.xx Human Resources,,Human Resources Director,published,,,FALSE,,,1-042,2-32_Team_Access_to_Emotional_Support.docx,
2.33,Specialized and Consultation Services,2.xx Human Resources,,Human Resources Director,published,,,FALSE,HCDT.2 HCDT.3,,1-043,2-33_Specialized_and_Consultation_Services.docx,
2.34,Communication with Office,2.xx Human Resources,,Human Resources Director,published,,,FALSE,,,1-045,2-34_Communication_with_Office.docx,
2.35,Competency Program,2.xx Human Resources,,Human Resources Director,published,,,FALSE,HSRM.9 HSRM.10,418.76,3-001,2-35_Competency_Program.docx,
2.36,Competency-Based Orientation,2.xx Human Resources,,Human Resources Director,published,,,FALSE,HSRM.15,418.60(c),3-002,2-36_Competency-Based_Orientation.docx,
2.37,Competency Assessment,2.xx Human Resources,,Human Resources Director,published,,,FALSE,HSRM.9 HSRM.10,,3-003,2-37_Competency_Assessment.docx,
2.38,Annual Core Competency Requirements,2.xx Human Resources,,Human Resources Director,published,,,FALSE,HSRM.18,418.100(g),3-005,2-38_Annual_Core_Competency_Requirements.docx,
3.1.01,Clinical Policies and Procedures Administration,3.1 Clinical Operations,3.1 Clinical Operations,Clinical Director,published,,,FALSE,CP.3,418.100,Ops 1-001,3-1-01_Clinical_Policies_and_Procedures_Administration.docx,
3.1.02,Physician Services — Medical Director Role,3.1 Clinical Operations,3.1 Clinical Operations,Clinical Director,published,,,FALSE,HCDT.7 HSRM.20,418.62(a),Ops 1-003,3-1-02_Physician_Services_—_Medical_Director_Role.docx,
3.1.03,Physician Services — Attending Physician Role,3.1 Clinical Operations,3.1 Clinical Operations,Clinical Director,published,,,FALSE,HCDT.7,418.64(a),Ops 1-004,3-1-03_Physician_Services_—_Attending_Physician_Role.docx,
3.1.04,Physician Licensure Verification,3.1 Clinical Operations,3.1 Clinical Operations,Clinical Director,published,,,FALSE,HSRM.3,418.114,Ops 1-002,3-1-04_Physician_Licensure_Verification.docx,
3.1.05,Physician Responsibility in Managing Patients,3.1 Clinical Operations,3.1 Clinical Operations,Clinical Director,published,,,FALSE,HCDT.7,418.62,Ops 1-005,3-1-05_Physician_Responsibility_in_Managing_Patients.docx,
3.1.06,Care and Service Coordination,3.1 Clinical Operations,3.1 Clinical Operations,Clinical Director,published,,,FALSE,HCDT.3 HCDT.4,418.100(c),Ops 1-006,3-1-06_Care_and_Service_Coordination.docx,
3.1.07,Certification of Terminal Illness,3.1 Clinical Operations,3.1 Clinical Operations,Clinical Director,published,,,FALSE,HCDT.10,418.22,Ops 1-007,3-1-07_Certification_of_Terminal_Illness.docx,
3.1.08,Intake Process,3.1 Clinical Operations,3.1 Clinical Operations,Clinical Director,published,,,FALSE,HCDT.1,418.20,Ops 1-008,3-1-08_Intake_Process.docx,
3.1.09,Admission Criteria and Process,3.1 Clinical Operations,3.1 Clinical Operations,Clinical Director,published,,,FALSE,HCDT.1 HCDT.2,418.20 418.22,Ops 1-009,3-1-09_Admission_Criteria_and_Process.docx,
3.1.10,Monitoring Patient Response and Physician Reporting,3.1 Clinical Operations,3.1 Clinical Operations,Clinical Director,published,,,FALSE,HCDT.13 HCDT.14,418.100(e),Ops 1-010,3-1-10_Monitoring_Patient_Response_and_Physician_Reporting.docx,
3.1.11,Patient Notification of Changes in Care,3.1 Clinical Operations,3.1 Clinical Operations,Clinical Director,published,,,FALSE,HCDT.13,418.100(e),Ops 1-011,3-1-11_Patient_Notification_of_Changes_in_Care.docx,
3.1.12,Internal Referral Process,3.1 Clinical Operations,3.1 Clinical Operations,Clinical Director,published,,,FALSE,HCDT.3,,Ops 1-012,3-1-12_Internal_Referral_Process.docx,
3.1.13,Initial Assessment,3.1 Clinical Operations,3.1 Clinical Operations,Clinical Director,published,,,FALSE,HCDT.8 HCDT.9,418.54,Ops 1-013,3-1-13_Initial_Assessment.docx,
3.1.14,Comprehensive Assessment,3.1 Clinical Operations,3.1 Clinical Operations,Clinical Director,published,,,FALSE,HCDT.8,418.54,Ops 1-014,3-1-14_Comprehensive_Assessment.docx,
3.1.15,Ongoing Assessment,3.1 Clinical Operations,3.1 Clinical Operations,Clinical Director,published,,,FALSE,HCDT.9,418.54,Ops 1-015,3-1-15_Ongoing_Assessment.docx,
3.1.16,Functional Assessment,3.1 Clinical Operations,3.1 Clinical Operations,Clinical Director,published,,,FALSE,HCDT.9,418.54,Ops 1-016,3-1-16_Functional_Assessment.docx,
3.1.17,Nutritional Assessment,3.1 Clinical Operations,3.1 Clinical Operations,Clinical Director,published,,,FALSE,HCDT.9,418.54,Ops 1-017,3-1-17_Nutritional_Assessment.docx,
3.1.18,Pain Assessment,3.1 Clinical Operations,3.1 Clinical Operations,Clinical Director,published,,,FALSE,HCDT.9,418.54,Ops 1-018,3-1-18_Pain_Assessment.docx,
3.1.19,Psychosocial Assessment,3.1 Clinical Operations,3.1 Clinical Operations,Clinical Director,published,,,FALSE,HCDT.9,418.54,Ops 1-019,3-1-19_Psychosocial_Assessment.docx,
3.1.20,Spiritual Assessment,3.1 Clinical Operations,3.1 Clinical Operations,Clinical Director,published,,,FALSE,HCDT.9,418.54,Ops 1-020,3-1-20_Spiritual_Assessment.docx,
3.1.21,Bereavement Assessment,3.1 Clinical Operations,3.1 Clinical Operations,Clinical Director,published,,,FALSE,HCDT.9,418.54 418.64(d),Ops 1-021,3-1-21_Bereavement_Assessment.docx,
3.1.22,Transfer Information,3.1 Clinical Operations,3.1 Clinical Operations,Clinical Director,published,,,FALSE,HCDT.12,418.100(f),Ops 1-022,3-1-22_Transfer_Information.docx,
3.1.23,Change of Designated Hospice,3.1 Clinical Operations,3.1 Clinical Operations,Clinical Director,published,,,FALSE,HCDT.12,418.30,Ops 1-023,3-1-23_Change_of_Designated_Hospice.docx,
3.1.24,Revocation of Hospice Benefit,3.1 Clinical Operations,3.1 Clinical Operations,Clinical Director,published,,,FALSE,HCDT.12,418.28,Ops 1-024,3-1-24_Revocation_of_Hospice_Benefit.docx,
3.1.25,Discharge from Hospice Program,3.1 Clinical Operations,3.1 Clinical Operations,Clinical Director,published,,,FALSE,HCDT.12,418.26,Ops 1-025,3-1-25_Discharge_from_Hospice_Program.docx,
3.1.26,Discharge Summary,3.1 Clinical Operations,3.1 Clinical Operations,Clinical Director,published,,,FALSE,HCDT.12,418.26,Ops 1-026,3-1-26_Discharge_Summary.docx,
3.1.27,Missed Visits,3.1 Clinical Operations,3.1 Clinical Operations,Clinical Director,published,,,FALSE,HCDT.19,,Ops 1-027,3-1-27_Missed_Visits.docx,
3.1.28,Continuity of Care — Inpatient and Home,3.1 Clinical Operations,3.1 Clinical Operations,Clinical Director,published,,,FALSE,HCDT.12,418.108,Ops 1-028,3-1-28_Continuity_of_Care_—_Inpatient_and_Home.docx,
3.1.29,Coordination of Care with Contracted Entities,3.1 Clinical Operations,3.1 Clinical Operations,Clinical Director,published,,,FALSE,HCDT.3,418.64,Ops 1-029,3-1-29_Coordination_of_Care_with_Contracted_Entities.docx,
3.1.30,Care for Residents of SNF/NF/ICF-IID,3.1 Clinical Operations,3.1 Clinical Operations,Clinical Director,published,,,FALSE,HCDT.30,418.112,Ops 1-030,3-1-30_Care_for_Residents_of_SNF_NF_ICF-IID.docx,
3.1.31,Hospice Election Statement,3.1 Clinical Operations,3.1 Clinical Operations,Clinical Director,published,,,FALSE,HCDT.10,418.24,Ops 1-031,3-1-31_Hospice_Election_Statement.docx,
3.1.32,Availability of Family and Caregiver,3.1 Clinical Operations,3.1 Clinical Operations,Clinical Director,published,,,FALSE,HCDT.11,,Ops 1-032,3-1-32_Availability_of_Family_and_Caregiver.docx,
3.1.33,Prioritizing Patient Problems and Needs,3.1 Clinical Operations,3.1 Clinical Operations,Clinical Director,published,,,FALSE,HCDT.9,418.54,Ops 1-033,3-1-33_Prioritizing_Patient_Problems_and_Needs.docx,
3.1.34,Interdisciplinary Group — Membership and Responsibilities,3.1 Clinical Operations,3.1 Clinical Operations,Clinical Director,published,,,FALSE,HCDT.4,418.56,Ops 1-034,3-1-34_Interdisciplinary_Group_—_Membership_and_Responsibilities.docx,
3.1.35,Interdisciplinary Group — Coordination of Care,3.1 Clinical Operations,3.1 Clinical Operations,Clinical Director,published,,,FALSE,HCDT.3 HCDT.4,418.56,Ops 1-035,3-1-35_Interdisciplinary_Group_—_Coordination_of_Care.docx,
3.1.36,Interdisciplinary Group Meetings,3.1 Clinical Operations,3.1 Clinical Operations,Clinical Director,published,,,FALSE,HCDT.4,418.56,Ops 1-036,3-1-36_Interdisciplinary_Group_Meetings.docx,
3.1.37,Community Education,3.1 Clinical Operations,3.1 Clinical Operations,Clinical Director,published,,,FALSE,,,Ops 1-037,3-1-37_Community_Education.docx,
3.1.38,"Standards of Care, Services, and Practices",3.1 Clinical Operations,3.1 Clinical Operations,Clinical Director,published,,,FALSE,HCDT.3,418.100,Ops 2-001,3-1-38_Standards_of_Care_Services_and_Practices.docx,
3.1.39,Verification of Physician Orders,3.1 Clinical Operations,3.1 Clinical Operations,Clinical Director,published,,,FALSE,HCDT.7,418.64,Ops 2-002,3-1-39_Verification_of_Physician_Orders.docx,
3.1.40,Identification and Treatment of Secondary Symptoms,3.1 Clinical Operations,3.1 Clinical Operations,Clinical Director,published,,,FALSE,HCDT.9,418.54,Ops 2-003,3-1-40_Identification_and_Treatment_of_Secondary_Symptoms.docx,
3.1.41,Patient Education Process,3.1 Clinical Operations,3.1 Clinical Operations,Clinical Director,published,,,FALSE,HCDT.16,418.100(f),Ops 2-025,3-1-41_Patient_Education_Process.docx,
3.1.42,Pain Management Education,3.1 Clinical Operations,3.1 Clinical Operations,Clinical Director,published,,,FALSE,HCDT.16,418.100(f),Ops 2-026,3-1-42_Pain_Management_Education.docx,
3.1.43,Emergency Care,3.1 Clinical Operations,3.1 Clinical Operations,Clinical Director,published,,,FALSE,HCDT.29,418.100(e),Ops 2-028,3-1-43_Emergency_Care.docx,
3.1.44,Rehabilitation Techniques,3.1 Clinical Operations,3.1 Clinical Operations,Clinical Director,published,,,FALSE,HCDT.3,418.64(c),Ops 2-030,3-1-44_Rehabilitation_Techniques.docx,
3.1.45,Appropriate Use of Restraints,3.1 Clinical Operations,3.1 Clinical Operations,Clinical Director,published,,,FALSE,HCDT.17,418.100(g),Ops 2-031,3-1-45_Appropriate_Use_of_Restraints.docx,
3.1.46,Signs and Symptoms of Approaching Death,3.1 Clinical Operations,3.1 Clinical Operations,Clinical Director,published,,,FALSE,HCDT.13,,Ops 2-032,3-1-46_Signs_and_Symptoms_of_Approaching_Death.docx,
3.1.47,Care of the Dying Patient,3.1 Clinical Operations,3.1 Clinical Operations,Clinical Director,published,,,FALSE,HCDT.13,,Ops 2-033,3-1-47_Care_of_the_Dying_Patient.docx,
3.1.48,Death at Home,3.1 Clinical Operations,3.1 Clinical Operations,Clinical Director,published,,,FALSE,HCDT.13,,Ops 2-034,3-1-48_Death_at_Home.docx,
3.1.49,Suicide Risk and Response,3.1 Clinical Operations,3.1 Clinical Operations,Clinical Director,published,,,TRUE,HCDT.13,,Ops 2-035,3-1-49_Suicide_Risk_and_Response.docx,
3.1.50,Telemedicine Program,3.1 Clinical Operations,3.1 Clinical Operations,Clinical Director,published,,,FALSE,HCDT.3,,Ops 2-051,3-1-50_Telemedicine_Program.docx,
3.1.51,Transportation Services,3.1 Clinical Operations,3.1 Clinical Operations,Clinical Director,published,,,FALSE,HCDT.3,,Ops 2-027,3-1-51_Transportation_Services.docx,
3.2.01,Patient Rights and Responsibilities,3.2 Patient Care & Rights,3.2 Patient Care & Rights,Compliance Director,published,,,TRUE,HCDT.26 HCDT.27,418.52,Ops 9-005,3-2-01_Patient_Rights_and_Responsibilities.docx,
3.2.02,Scope of Hospice Services,3.2 Patient Care & Rights,3.2 Patient Care & Rights,Clinical Director,published,,,FALSE,HCDT.1 HCDT.2,418.64,Ops 9-001,3-2-02_Scope_of_Hospice_Services.docx,
3.2.03,Financial Responsibility and Medicare Written Notice,3.2 Patient Care & Rights,3.2 Patient Care & Rights,Compliance Director,published,,,FALSE,HCDT.26,418.52(b),Ops 9-002,3-2-03_Financial_Responsibility_and_Medicare_Written_Notice.docx,
3.2.04,Complaint and Grievance Process,3.2 Patient Care & Rights,3.2 Patient Care & Rights,Compliance Director,published,,,FALSE,HCDT.26 HCDT.27,418.52(c),Ops 9-003,3-2-04_Complaint_and_Grievance_Process.docx,
3.2.05,Referral Disclosure and Care Decisions,3.2 Patient Care & Rights,3.2 Patient Care & Rights,Compliance Director,published,,,FALSE,HCDT.26,,Ops 9-004,3-2-05_Referral_Disclosure_and_Care_Decisions.docx,
3.2.06,Facilitating Communication and Language Access,3.2 Patient Care & Rights,3.2 Patient Care & Rights,Compliance Director,published,,,FALSE,HCDT.26 HSLG.1,418.52(a)(5),Ops 9-006,3-2-06_Facilitating_Communication_and_Language_Access.docx,
3.2.07,Advance Directives,3.2 Patient Care & Rights,3.2 Patient Care & Rights,Compliance Director,published,,,FALSE,HCDT.26 HCDT.27,418.52(a)(5),Ops 9-007,3-2-07_Advance_Directives.docx,
3.2.08,Do Not Resuscitate and DNI Orders,3.2 Patient Care & Rights,3.2 Patient Care & Rights,Clinical Director,published,,,FALSE,HCDT.26,418.64(l),Ops 9-008,3-2-08_Do_Not_Resuscitate_and_DNI_Orders.docx,
3.2.09,Cardiopulmonary Resuscitation,3.2 Patient Care & Rights,3.2 Patient Care & Rights,Clinical Director,published,,,FALSE,HCDT.26,,Ops 9-009,3-2-09_Cardiopulmonary_Resuscitation.docx,
3.2.10,Withdrawal of Life-Sustaining Care,3.2 Patient Care & Rights,3.2 Patient Care & Rights,Clinical Director,published,,,FALSE,HCDT.26,,Ops 9-010,3-2-10_Withdrawal_of_Life-Sustaining_Care.docx,
3.2.11,Informed Consent,3.2 Patient Care & Rights,3.2 Patient Care & Rights,Compliance Director,published,,,FALSE,HCDT.26 HCDT.27,418.52(a)(4),Ops 9-011,3-2-11_Informed_Consent.docx,
3.2.12,Assessment and Response to Abuse and Neglect,3.2 Patient Care & Rights,3.2 Patient Care & Rights,Compliance Director,published,,,TRUE,HCDT.26,418.52(a)(5),Ops 9-013,3-2-12_Assessment_and_Response_to_Abuse_and_Neglect.docx,
3.2.13,Unit of Care,3.2 Patient Care & Rights,3.2 Patient Care & Rights,Clinical Director,published,,,FALSE,HCDT.11,418.22(c),Ops 9-016,3-2-13_Unit_of_Care.docx,
3.2.14,Plan of Care,3.2 Patient Care & Rights,3.2 Patient Care & Rights,Clinical Director,published,,,FALSE,HCDT.4 HCDT.5,418.56,Ops 9-017,3-2-14_Plan_of_Care.docx,
3.2.15,Nursing Care Services,3.2 Patient Care & Rights,3.2 Patient Care & Rights,Clinical Director,published,,,FALSE,HCDT.3,418.64(b),Ops 9-019,3-2-15_Nursing_Care_Services.docx,
3.2.16,Hospice Aide Services,3.2 Patient Care & Rights,3.2 Patient Care & Rights,Clinical Director,published,,,FALSE,HCDT.3,418.64(e) 418.76,Ops 9-020,3-2-16_Hospice_Aide_Services.docx,
3.2.17,Psychosocial Services,3.2 Patient Care & Rights,3.2 Patient Care & Rights,Clinical Director,published,,,FALSE,HCDT.3,418.64(a),Ops 9-021,3-2-17_Psychosocial_Services.docx,
3.2.18,Spiritual Care and Counseling Services,3.2 Patient Care & Rights,3.2 Patient Care & Rights,Clinical Director,published,,,FALSE,HCDT.3,418.64(f),Ops 9-022,3-2-18_Spiritual_Care_and_Counseling_Services.docx,
3.2.19,Bereavement Services,3.2 Patient Care & Rights,3.2 Patient Care & Rights,Clinical Director,published,,,FALSE,HCDT.3 HCDT.28,418.64(d),Ops 9-023,3-2-19_Bereavement_Services.docx,
3.2.20,Volunteer Services,3.2 Patient Care & Rights,3.2 Patient Care & Rights,Clinical Director,published,,,FALSE,HCDT.21 HSRM.30,418.78,Ops 9-024,3-2-20_Volunteer_Services.docx,
3.2.21,Rehabilitative Services,3.2 Patient Care & Rights,3.2 Patient Care & Rights,Clinical Director,published,,,FALSE,HCDT.3,418.64(c),Ops 9-025,3-2-21_Rehabilitative_Services.docx,
3.2.22,Speech Therapy Services,3.2 Patient Care & Rights,3.2 Patient Care & Rights,Clinical Director,published,,,FALSE,HCDT.3,418.64(c),Ops 9-026,3-2-22_Speech_Therapy_Services.docx,
3.2.23,Nutritional Services,3.2 Patient Care & Rights,3.2 Patient Care & Rights,Clinical Director,published,,,FALSE,HCDT.3,418.64(a),Ops 9-027,3-2-23_Nutritional_Services.docx,
3.2.24,Continuous Care Services,3.2 Patient Care & Rights,3.2 Patient Care & Rights,Clinical Director,published,,,FALSE,HCDT.3 HCDT.29,418.64(e) 418.204(c),Ops 9-028,3-2-24_Continuous_Care_Services.docx,
3.2.25,Inpatient Services,3.2 Patient Care & Rights,3.2 Patient Care & Rights,Clinical Director,published,,,FALSE,HCDT.3,418.108,Ops 9-029,3-2-25_Inpatient_Services.docx,
3.2.26,Pharmacy Services,3.2 Patient Care & Rights,3.2 Patient Care & Rights,Clinical Director,published,,,FALSE,HCDT.3,418.64(h),Ops 9-030,3-2-26_Pharmacy_Services.docx,
3.2.27,General Inpatient Care Admission,3.2 Patient Care & Rights,3.2 Patient Care & Rights,Clinical Director,published,,,FALSE,HCDT.3,418.108,Ops 9-014,3-2-27_General_Inpatient_Care_Admission.docx,
3.2.28,Respite Care Admission,3.2 Patient Care & Rights,3.2 Patient Care & Rights,Clinical Director,published,,,FALSE,HCDT.3,418.108,Ops 9-015,3-2-28_Respite_Care_Admission.docx,
3.3.01,Infection Control Plan,3.3 Safety & Infection Control,3.3 Safety & Infection Control,Clinical Director,published,,,FALSE,HSIC.1,418.60,Ops 7-001,3-3-01_Infection_Control_Plan.docx,
3.3.02,Standard Precautions,3.3 Safety & Infection Control,3.3 Safety & Infection Control,Clinical Director,published,,,FALSE,HSIC.2,418.60(a),Ops 7-007,3-3-02_Standard_Precautions.docx,
3.3.03,Hand Hygiene,3.3 Safety & Infection Control,3.3 Safety & Infection Control,Clinical Director,published,,,FALSE,HSIC.2,418.60(a),Ops 7-009,3-3-03_Hand_Hygiene.docx,
3.3.04,Personal Protective Equipment,3.3 Safety & Infection Control,3.3 Safety & Infection Control,Clinical Director,published,,,FALSE,HSIC.2,418.60(a),Ops 7-008,3-3-04_Personal_Protective_Equipment.docx,
3.3.05,Bloodborne Pathogens Exposure Control Plan,3.3 Safety & Infection Control,3.3 Safety & Infection Control,Clinical Director,published,,,FALSE,HSIC.3,418.60(b),Ops 7-003,3-3-05_Bloodborne_Pathogens_Exposure_Control_Plan.docx,
3.3.06,Tuberculosis Exposure Control Plan,3.3 Safety & Infection Control,3.3 Safety & Infection Control,Clinical Director,published,,,FALSE,HSIC.3,418.60(b),Ops 7-002,3-3-06_Tuberculosis_Exposure_Control_Plan.docx,
3.3.07,Management of Occupational Exposures,3.3 Safety & Infection Control,3.3 Safety & Infection Control,Clinical Director,published,,,FALSE,HSIC.3,418.60(b),Ops 7-004,3-3-07_Management_of_Occupational_Exposures.docx,
3.3.08,Infection Control and Expanded Precautions,3.3 Safety & Infection Control,3.3 Safety & Infection Control,Clinical Director,published,,,FALSE,HSIC.2,418.60(a),Ops 7-011,3-3-08_Infection_Control_and_Expanded_Precautions.docx,
3.3.09,Clean vs. Aseptic Technique,3.3 Safety & Infection Control,3.3 Safety & Infection Control,Clinical Director,published,,,FALSE,HSIC.2,418.60(a),Ops 7-010,3-3-09_Clean_vs._Aseptic_Technique.docx,
3.3.10,Contaminated Materials and Waste Disposal,3.3 Safety & Infection Control,3.3 Safety & Infection Control,Clinical Director,published,,,FALSE,HSIC.4,418.60(c),Ops 7-012,3-3-10_Contaminated_Materials_and_Waste_Disposal.docx,
3.3.11,Hazardous Waste Identification and Disposal,3.3 Safety & Infection Control,3.3 Safety & Infection Control,Clinical Director,published,,,FALSE,HSIC.4,418.60(c),Ops 7-026,3-3-11_Hazardous_Waste_Identification_and_Disposal.docx,
3.3.12,Reporting Communicable Diseases,3.3 Safety & Infection Control,3.3 Safety & Infection Control,Clinical Director,published,,,FALSE,HSIC.3,418.60(b),Ops 7-019,3-3-12_Reporting_Communicable_Diseases.docx,
3.3.13,Tracking and Recording Patient Infections,3.3 Safety & Infection Control,3.3 Safety & Infection Control,Clinical Director,published,,,FALSE,HSIC.5,418.60(d),Ops 7-017,3-3-13_Tracking_and_Recording_Patient_Infections.docx,
3.3.14,Bag Technique,3.3 Safety & Infection Control,3.3 Safety & Infection Control,Clinical Director,published,,,FALSE,HSIC.2,,Ops 7-016,3-3-14_Bag_Technique.docx,
3.3.15,Occupational Exposure — Training and Recordkeeping,3.3 Safety & Infection Control,3.3 Safety & Infection Control,Clinical Director,published,,,FALSE,HSIC.3,418.60(b),Ops 7-005,3-3-15_Occupational_Exposure_—_Training_and_Recordkeeping.docx,
3.3.16,Environmental Safety Program,3.3 Safety & Infection Control,3.3 Safety & Infection Control,Clinical Director,published,,,FALSE,HSIC.1,,Ops 2-039,3-3-16_Environmental_Safety_Program.docx,
3.3.17,Fire Safety,3.3 Safety & Infection Control,3.3 Safety & Infection Control,Clinical Director,published,,,FALSE,HSIC.1,,Ops 2-041,3-3-17_Fire_Safety.docx,
3.3.18,Basic Home Safety and Fall Prevention,3.3 Safety & Infection Control,3.3 Safety & Infection Control,Clinical Director,published,,,FALSE,HCDT.9,,Ops 2-048,3-3-18_Basic_Home_Safety_and_Fall_Prevention.docx,
3.3.19,Emergency Preparedness Plan,3.3 Safety & Infection Control,3.3 Safety & Infection Control,Clinical Director,published,,,FALSE,HSIC.1,418.113,Ops 4-001,3-3-19_Emergency_Preparedness_Plan.docx,
3.3.20,Pandemic Influenza Preparedness,3.3 Safety & Infection Control,3.3 Safety & Infection Control,Clinical Director,published,,,FALSE,HSIC.3,418.113,Ops 4-002,3-3-20_Pandemic_Influenza_Preparedness.docx,
3.3.21,Safe and Operable Equipment,3.3 Safety & Infection Control,3.3 Safety & Infection Control,Clinical Director,published,,,FALSE,HSIC.1,,Ops 2-038,3-3-21_Safe_and_Operable_Equipment.docx,
3.3.22,Medical Equipment Malfunction and Safe Device Act,3.3 Safety & Infection Control,3.3 Safety & Infection Control,Clinical Director,published,,,FALSE,HSIC.1,,Ops 7-024,3-3-22_Medical_Equipment_Malfunction_and_Safe_Device_Act.docx,
3.3.23,Safe Use of Medical Equipment and Supplies,3.3 Safety & Infection Control,3.3 Safety & Infection Control,Clinical Director,published,,,FALSE,HSIC.1,,Ops 7-022,3-3-23_Safe_Use_of_Medical_Equipment_and_Supplies.docx,
3.3.24,Communication of Hazards to Personnel,3.3 Safety & Infection Control,3.3 Safety & Infection Control,Clinical Director,published,,,FALSE,HSIC.3,,Ops 7-020,3-3-24_Communication_of_Hazards_to_Personnel.docx,
3.4.01,HIPAA Privacy and Security Program,3.4 Privacy & Health Information,3.4 Privacy & Health Info,Compliance Director,published,,,TRUE,HSLG.6,45 CFR 164,Ops 6-024,3-4-01_HIPAA_Privacy_and_Security_Program.docx,
3.4.02,Patient Privacy Rights,3.4 Privacy & Health Information,3.4 Privacy & Health Info,Compliance Director,published,,,FALSE,HSLG.6,45 CFR 164.520,Ops 6-004,3-4-02_Patient_Privacy_Rights.docx,
3.4.03,Minimum Necessary Use and Disclosure of PHI,3.4 Privacy & Health Information,3.4 Privacy & Health Info,Compliance Director,published,,,FALSE,HSLG.6,45 CFR 164.502,Ops 6-005,3-4-03_Minimum_Necessary_Use_and_Disclosure_of_PHI.docx,
3.4.04,Uses and Disclosures of PHI,3.4 Privacy & Health Information,3.4 Privacy & Health Info,Compliance Director,published,,,FALSE,HSLG.6,45 CFR 164.506,Ops 6-007,3-4-04_Uses_and_Disclosures_of_PHI.docx,
3.4.05,Authorization for Use or Disclosure of PHI,3.4 Privacy & Health Information,3.4 Privacy & Health Info,Compliance Director,published,,,FALSE,HSLG.6,45 CFR 164.508,Ops 6-008,3-4-05_Authorization_for_Use_or_Disclosure_of_PHI.docx,
3.4.06,Patient Requests Regarding PHI,3.4 Privacy & Health Information,3.4 Privacy & Health Info,Compliance Director,published,,,FALSE,HSLG.6,45 CFR 164.522,Ops 6-011,3-4-06_Patient_Requests_Regarding_PHI.docx,
3.4.07,Privacy of Deceased Individuals,3.4 Privacy & Health Information,3.4 Privacy & Health Info,Compliance Director,published,,,FALSE,HSLG.6,45 CFR 164,Ops 6-010,3-4-07_Privacy_of_Deceased_Individuals.docx,
3.4.08,"Fundraising, Marketing, and PHI",3.4 Privacy & Health Information,3.4 Privacy & Health Info,Compliance Director,published,,,FALSE,HSLG.6,45 CFR 164,Ops 6-016,3-4-08_Fundraising_Marketing_and_PHI.docx,
3.4.09,Privacy Training,3.4 Privacy & Health Information,3.4 Privacy & Health Info,Compliance Director,published,,,FALSE,HSLG.6,45 CFR 164.530,Ops 6-018,3-4-09_Privacy_Training.docx,
3.4.10,Sanctions for Privacy and Security Violations,3.4 Privacy & Health Information,3.4 Privacy & Health Info,Compliance Director,published,,,FALSE,HSLG.6,45 CFR 164.530,Ops 6-019,3-4-10_Sanctions_for_Privacy_and_Security_Violations.docx,
3.4.11,Breach Analysis and Notification,3.4 Privacy & Health Information,3.4 Privacy & Health Info,Compliance Director,published,,,FALSE,HSLG.6,45 CFR 164.400,Ops 6-025,3-4-11_Breach_Analysis_and_Notification.docx,
3.4.12,Security Management Process,3.4 Privacy & Health Information,3.4 Privacy & Health Info,Compliance Director,published,,,FALSE,HSLG.6,45 CFR 164.308,Ops 6-027,3-4-12_Security_Management_Process.docx,
3.4.13,Workforce Security,3.4 Privacy & Health Information,3.4 Privacy & Health Info,Compliance Director,published,,,FALSE,HSLG.6,45 CFR 164.308,Ops 6-028,3-4-13_Workforce_Security.docx,
3.4.14,Security Awareness and Training,3.4 Privacy & Health Information,3.4 Privacy & Health Info,Compliance Director,published,,,FALSE,HSLG.6,45 CFR 164.308,Ops 6-030,3-4-14_Security_Awareness_and_Training.docx,
3.4.15,Security Incident Procedures,3.4 Privacy & Health Information,3.4 Privacy & Health Info,Compliance Director,published,,,FALSE,HSLG.6,45 CFR 164.308,Ops 6-031,3-4-15_Security_Incident_Procedures.docx,
3.4.16,IT Contingency Plan,3.4 Privacy & Health Information,3.4 Privacy & Health Info,Compliance Director,published,,,FALSE,HSLG.6,45 CFR 164.308,Ops 6-032,3-4-16_IT_Contingency_Plan.docx,
3.4.17,Access Controls and Technical Safeguards,3.4 Privacy & Health Information,3.4 Privacy & Health Info,Compliance Director,published,,,FALSE,HSLG.6,45 CFR 164.308,Ops 6-029,3-4-17_Access_Controls_and_Technical_Safeguards.docx,
3.4.18,Workstation and Device Security,3.4 Privacy & Health Information,3.4 Privacy & Health Info,Compliance Director,published,,,FALSE,HSLG.6,45 CFR 164.310,Ops 6-034,3-4-18_Workstation_and_Device_Security.docx,
3.4.19,Clinical Record Contents and Assembly,3.4 Privacy & Health Information,3.4 Privacy & Health Info,Clinical Director,published,,,FALSE,HSLG.5,418.104,Ops 6-042,3-4-19_Clinical_Record_Contents_and_Assembly.docx,
3.4.20,Record Retention,3.4 Privacy & Health Information,3.4 Privacy & Health Info,Compliance Director,published,,,FALSE,HSLG.5,418.104(c),Ops 6-001,3-4-20_Record_Retention.docx,
3.4.21,Access to Patient Information,3.4 Privacy & Health Information,3.4 Privacy & Health Info,Compliance Director,published,,,FALSE,HSLG.5 HSLG.6,418.104(c),Ops 6-002,3-4-21_Access_to_Patient_Information.docx,
3.4.22,Clinical and Service Data Collection,3.4 Privacy & Health Information,3.4 Privacy & Health Info,Compliance Director,published,,,FALSE,HSLG.5,,Ops 6-022,3-4-22_Clinical_and_Service_Data_Collection.docx,
3.4.23,Hospice Item Set,3.4 Privacy & Health Information,3.4 Privacy & Health Info,Compliance Director,published,,,FALSE,HQPI.2,418.312,Ops 6-044,3-4-23_Hospice_Item_Set.docx,
3.4.24,Abbreviations and Symbols,3.4 Privacy & Health Information,3.4 Privacy & Health Info,Clinical Director,published,,,FALSE,HSLG.5,,Ops 6-023,3-4-24_Abbreviations_and_Symbols.docx,
3.4.25,Safeguarding and Retrieval of Clinical Records,3.4 Privacy & Health Information,3.4 Privacy & Health Info,Compliance Director,published,,,FALSE,HSLG.5,418.104(c),Ops 6-020,3-4-25_Safeguarding_and_Retrieval_of_Clinical_Records.docx,
3.5.01,Quality Assessment and Performance Improvement Program,3.5 Quality & Compliance,3.5 Quality & Compliance,Compliance Director,published,,,FALSE,HQPI.1,418.58,Ops 3-001,3-5-01_Quality_Assessment_and_Performance_Improvement_Program.docx,
3.5.02,Patient-Focused Performance Improvement,3.5 Quality & Compliance,3.5 Quality & Compliance,Compliance Director,published,,,FALSE,HQPI.2,418.58,Ops 3-002,3-5-02_Patient-Focused_Performance_Improvement.docx,
3.5.03,CAHPS Hospice Survey,3.5 Quality & Compliance,3.5 Quality & Compliance,Compliance Director,published,,,FALSE,HQPI.2,418.312,Ops 3-003,3-5-03_CAHPS_Hospice_Survey.docx,
3.5.04,Incident Reporting,3.5 Quality & Compliance,3.5 Quality & Compliance,Compliance Director,published,,,FALSE,HQPI.3 HQPI.4,418.58,Ops 3-004,3-5-04_Incident_Reporting.docx,
3.5.05,Serious Adverse Events,3.5 Quality & Compliance,3.5 Quality & Compliance,Compliance Director,published,,,FALSE,HQPI.4,418.58,Ops 3-005,3-5-05_Serious_Adverse_Events.docx,
3.5.06,Root Cause Analysis and Action Planning,3.5 Quality & Compliance,3.5 Quality & Compliance,Compliance Director,published,,,FALSE,HQPI.4,418.58,Ops 3-006,3-5-06_Root_Cause_Analysis_and_Action_Planning.docx,
3.5.07,Clinical Record Review,3.5 Quality & Compliance,3.5 Quality & Compliance,Compliance Director,published,,,FALSE,HQPI.2 HSLG.5,418.104,Ops 3-007,3-5-07_Clinical_Record_Review.docx,
3.5.08,External Databases and Benchmarking,3.5 Quality & Compliance,3.5 Quality & Compliance,Compliance Director,published,,,FALSE,HQPI.2,,Ops 3-008,3-5-08_External_Databases_and_Benchmarking.docx,
3.5.09,Uniform Quality of Care,3.5 Quality & Compliance,3.5 Quality & Compliance,Compliance Director,published,,,FALSE,HQPI.1,418.100,Ops 8-014,3-5-09_Uniform_Quality_of_Care.docx,
3.6.01,"Fraud, Waste, and Abuse Prevention",3.6 Financial & Billing,3.6 Financial & Billing,Compliance Director,published,,,TRUE,CP.3,,Ops 8-023,3-6-01_Fraud_Waste_and_Abuse_Prevention.docx,
3.6.02,Financial Management and Control,3.6 Financial & Billing,3.6 Financial & Billing,Finance Director,published,,,FALSE,HSLG.8,,Ops 5-001,3-6-02_Financial_Management_and_Control.docx,
3.6.03,Annual Operating Budget,3.6 Financial & Billing,3.6 Financial & Billing,Finance Director,published,,,FALSE,HSLG.8,,Ops 5-006,3-6-03_Annual_Operating_Budget.docx,
3.6.04,Billing and Collections,3.6 Financial & Billing,3.6 Financial & Billing,Finance Director,published,,,FALSE,HSLG.8,418.400,Ops 5-009,3-6-04_Billing_and_Collections.docx,
3.6.05,Accounts Receivable Review,3.6 Financial & Billing,3.6 Financial & Billing,Finance Director,published,,,FALSE,HSLG.8,,Ops 5-010,3-6-05_Accounts_Receivable_Review.docx,
3.6.06,Charge Verification,3.6 Financial & Billing,3.6 Financial & Billing,Finance Director,published,,,FALSE,HSLG.8,,Ops 5-008,3-6-06_Charge_Verification.docx,
3.6.07,Cash Receipts,3.6 Financial & Billing,3.6 Financial & Billing,Finance Director,published,,,FALSE,HSLG.8,,Ops 5-013,3-6-07_Cash_Receipts.docx,
3.6.08,Purchasing Authorization and Accounts Payable,3.6 Financial & Billing,3.6 Financial & Billing,Finance Director,published,,,FALSE,HSLG.8,,Ops 5-014,3-6-08_Purchasing_Authorization_and_Accounts_Payable.docx,
3.6.09,Payroll Processing,3.6 Financial & Billing,3.6 Financial & Billing,Finance Director,published,,,FALSE,HSLG.8,,Ops 5-015,3-6-09_Payroll_Processing.docx,
3.6.10,Charity Care,3.6 Financial & Billing,3.6 Financial & Billing,Finance Director,published,,,FALSE,HSLG.8 HSLG.1,,Ops 5-017,3-6-10_Charity_Care.docx,
3.6.11,Donated Funds,3.6 Financial & Billing,3.6 Financial & Billing,Finance Director,published,,,FALSE,HSLG.8,,Ops 5-018,3-6-11_Donated_Funds.docx,
3.6.12,Fee Determination,3.6 Financial & Billing,3.6 Financial & Billing,Finance Director,published,,,FALSE,HSLG.8,,Ops 5-005,3-6-12_Fee_Determination.docx,
3.6.13,Bad Debt Policy,3.6 Financial & Billing,3.6 Financial & Billing,Finance Director,published,,,FALSE,HSLG.8,,Ops 5-011,3-6-13_Bad_Debt_Policy.docx,
3.6.14,Contractual Allowances,3.6 Financial & Billing,3.6 Financial & Billing,Finance Director,published,,,FALSE,HSLG.8,,Ops 5-012,3-6-14_Contractual_Allowances.docx,
3.6.15,Fixed Assets and Depreciation,3.6 Financial & Billing,3.6 Financial & Billing,Finance Director,published,,,FALSE,HSLG.8,,Ops 5-007,3-6-15_Fixed_Assets_and_Depreciation.docx,
3.6.16,Fiscal Solvency,3.6 Financial & Billing,3.6 Financial & Billing,Finance Director,published,,,FALSE,HSLG.8,,Ops 5-004,3-6-16_Fiscal_Solvency.docx,
3.6.17,Certificates of Insurance,3.6 Financial & Billing,3.6 Financial & Billing,Finance Director,published,,,FALSE,HSLG.8,,Ops 5-003,3-6-17_Certificates_of_Insurance.docx,
3.1.52,Medication Profile,3.1 Clinical Operations,3.1 Clinical Operations,Clinical Director,published,,,FALSE,HCDT.9,,Ops 2-004,3-1-52_Medication_Profile.docx,
3.1.53,Medication Identification for Administration,3.1 Clinical Operations,3.1 Clinical Operations,Clinical Director,published,,,FALSE,HCDT.9,,Ops 2-005,3-1-53_Medication_Identification_for_Administration.docx,
3.1.54,Medication Administration and Documentation,3.1 Clinical Operations,3.1 Clinical Operations,Clinical Director,published,,,FALSE,HCDT.9,,Ops 2-006,3-1-54_Medication_Administration_and_Documentation.docx,
3.1.55,Patient Self-Administration of Medication,3.1 Clinical Operations,3.1 Clinical Operations,Clinical Director,published,,,FALSE,HCDT.16,,Ops 2-007,3-1-55_Patient_Self-Administration_of_Medication.docx,
3.1.56,Home Use and Disposal of Controlled Substances,3.1 Clinical Operations,3.1 Clinical Operations,Clinical Director,published,,,FALSE,HCDT.9,21 CFR,Ops 2-008,3-1-56_Home_Use_and_Disposal_of_Controlled_Substances.docx,
3.1.57,IV Administration of Medications,3.1 Clinical Operations,3.1 Clinical Operations,Clinical Director,published,,,FALSE,HCDT.9,,Ops 2-009,3-1-57_IV_Administration_of_Medications.docx,
3.1.58,IV Administration of Chemotherapy,3.1 Clinical Operations,3.1 Clinical Operations,Clinical Director,published,,,FALSE,HCDT.9,,Ops 2-010,3-1-58_IV_Administration_of_Chemotherapy.docx,
3.1.59,First Dose Policy,3.1 Clinical Operations,3.1 Clinical Operations,Clinical Director,published,,,FALSE,HCDT.9,,Ops 2-011,3-1-59_First_Dose_Policy.docx,
3.1.60,Crushing of Medications,3.1 Clinical Operations,3.1 Clinical Operations,Clinical Director,published,,,FALSE,HCDT.9,,Ops 2-012,3-1-60_Crushing_of_Medications.docx,
3.1.61,Pulse Rate Determination with Certain Drugs,3.1 Clinical Operations,3.1 Clinical Operations,Clinical Director,published,,,FALSE,HCDT.9,,Ops 2-013,3-1-61_Pulse_Rate_Determination_with_Certain_Drugs.docx,
3.1.62,Storage of Medications and Nutritional Products,3.1 Clinical Operations,3.1 Clinical Operations,Clinical Director,published,,,FALSE,HCDT.9,,Ops 2-014,3-1-62_Storage_of_Medications_and_Nutritional_Products.docx,
3.1.63,Medication Labeling,3.1 Clinical Operations,3.1 Clinical Operations,Clinical Director,published,,,FALSE,HCDT.9,,Ops 2-015,3-1-63_Medication_Labeling.docx,
3.1.64,Adverse Drug Reactions,3.1 Clinical Operations,3.1 Clinical Operations,Clinical Director,published,,,FALSE,HCDT.9,,Ops 2-016,3-1-64_Adverse_Drug_Reactions.docx,
3.1.65,Anaphylaxis Protocol,3.1 Clinical Operations,3.1 Clinical Operations,Clinical Director,published,,,FALSE,HCDT.9,,Ops 2-017,3-1-65_Anaphylaxis_Protocol.docx,
3.1.66,Medication Error,3.1 Clinical Operations,3.1 Clinical Operations,Clinical Director,published,,,FALSE,HCDT.9 HQPI.4,,Ops 2-018,3-1-66_Medication_Error.docx,
3.1.67,Medication Monitoring,3.1 Clinical Operations,3.1 Clinical Operations,Clinical Director,published,,,FALSE,HCDT.9,,Ops 2-019,3-1-67_Medication_Monitoring.docx,
3.1.68,Investigational Medications,3.1 Clinical Operations,3.1 Clinical Operations,Clinical Director,published,,,FALSE,HCDT.9,,Ops 2-020,3-1-68_Investigational_Medications.docx,
3.1.69,Home Glucose Monitoring,3.1 Clinical Operations,3.1 Clinical Operations,Clinical Director,published,,,FALSE,HCDT.9,,Ops 2-021,3-1-69_Home_Glucose_Monitoring.docx,
3.1.70,Waived Testing,3.1 Clinical Operations,3.1 Clinical Operations,Clinical Director,published,,,FALSE,HCDT.9,42 CFR 493,Ops 2-022,3-1-70_Waived_Testing.docx,
3.1.71,Safe and Effective Use of Medications,3.1 Clinical Operations,3.1 Clinical Operations,Clinical Director,published,,,FALSE,HCDT.9,,Ops 2-023,3-1-71_Safe_and_Effective_Use_of_Medications.docx,
3.1.72,Storage and Handling of Supplies and Gases,3.1 Clinical Operations,3.1 Clinical Operations,Clinical Director,published,,,FALSE,HCDT.9,,Ops 2-024,3-1-72_Storage_and_Handling_of_Supplies_and_Gases.docx,
4.01,Volunteer Program Administration,4.xx Volunteer,,Volunteer Coordinator,published,,,FALSE,HCDT.21 HSRM.30,418.78,HR 1-039,4-01_Volunteer_Program_Administration.docx,
4.02,Volunteer Recruitment and Selection,4.xx Volunteer,,Volunteer Coordinator,published,,,FALSE,HSRM.30 HSRM.31,418.78(a),HR 1-039,4-02_Volunteer_Recruitment_and_Selection.docx,
4.03,Volunteer Orientation and Training,4.xx Volunteer,,Volunteer Coordinator,published,,,FALSE,HSRM.30 HSRM.31,418.78(b),HR 1-039,4-03_Volunteer_Orientation_and_Training.docx,
4.04,Volunteer Supervision,4.xx Volunteer,,Volunteer Coordinator,published,,,FALSE,HSRM.31 HSLG.7,418.78(c),HR 1-039,4-04_Volunteer_Supervision.docx,
4.05,Volunteer Documentation,4.xx Volunteer,,Volunteer Coordinator,published,,,FALSE,HCDT.21 HSRM.30,418.78,HR 1-040,4-05_Volunteer_Documentation.docx,
4.06,Documentation of Volunteer Utilization,4.xx Volunteer,,Volunteer Coordinator,published,,,FALSE,HCDT.21 HSRM.30,418.78,HR 1-041,4-06_Documentation_of_Volunteer_Utilization.docx,
4.07,Volunteer Scope of Service,4.xx Volunteer,,Volunteer Coordinator,published,,,FALSE,HCDT.21,418.78,Ops 9-024,4-07_Volunteer_Scope_of_Service.docx,
4.08,Volunteer Competency Requirements,4.xx Volunteer,,Volunteer Coordinator,published,,,FALSE,HSRM.30 HSRM.31,418.78(b),HR 3-002,4-08_Volunteer_Competency_Requirements.docx,
